N/A,list,2.05751633644104
model_10,load,2.071784496307373
model_10,run,2.1221859455108643
model_10,unload,2.052103281021118
N/A,list,2.370528221130371
model_10,load,2.107146978378296
model_10,run,2.07283616065979
model_10,unload,2.044701337814331
N/A,list,2.069972276687622
model_10,load,2.066638708114624
model_10,run,2.077852964401245
model_10,unload,2.0224766731262207
N/A,list,2.0415396690368652
model_10,load,2.078085422515869
model_10,run,2.082510232925415
model_10,unload,2.0462498664855957
N/A,list,2.187502861022949
model_10,load,2.1374285221099854
model_10,run,2.0403800010681152
model_10,unload,2.054476022720337
N/A,list,2.0357413291931152
model_10,load,2.058380126953125
model_10,run,2.0714311599731445
model_10,unload,2.041306734085083
N/A,list,2.056896924972534
model_10,load,2.054351329803467
model_10,run,2.075399160385132
model_10,unload,2.0385546684265137
N/A,list,2.0467917919158936
model_10,load,2.061351776123047
model_10,run,2.0816736221313477
model_10,unload,2.058357000350952
N/A,list,2.042597770690918
model_10,load,2.066965103149414
model_10,run,2.1300299167633057
model_10,unload,2.039788007736206
N/A,list,2.0356626510620117
model_10,load,2.057440996170044
model_10,run,2.0848257541656494
model_10,unload,2.0219953060150146
N/A,list,2.0417776107788086
model_10,load,2.0784716606140137
model_10,run,2.1036760807037354
model_10,unload,2.0369040966033936
N/A,list,2.073105573654175
model_10,load,2.05180287361145
model_10,run,2.0634191036224365
model_10,unload,2.0206031799316406
N/A,list,2.0280492305755615
model_10,load,2.0546815395355225
model_10,run,2.0488598346710205
model_10,unload,2.050287961959839
N/A,list,2.026705503463745
model_10,load,2.052804946899414
model_10,run,2.061781644821167
model_10,unload,2.0424916744232178
N/A,list,2.0574073791503906
model_10,load,2.057223081588745
model_10,run,2.092808485031128
model_10,unload,2.0402207374572754
N/A,list,2.03779673576355
model_10,load,2.0479700565338135
model_10,run,2.0810141563415527
model_10,unload,2.0517725944519043
N/A,list,2.0418522357940674
model_10,load,2.072913646697998
model_10,run,2.0594985485076904
model_10,unload,2.0497312545776367
N/A,list,2.01987886428833
model_10,load,2.0743794441223145
model_10,run,2.0981264114379883
model_10,unload,2.0505483150482178
N/A,list,2.07173228263855
model_10,load,2.0364792346954346
model_10,run,2.1005616188049316
model_10,unload,2.0486879348754883
N/A,list,2.052248477935791
model_10,load,2.090733051300049
model_10,run,2.0925440788269043
model_10,unload,2.0349085330963135
N/A,list,2.0506339073181152
model_10,load,2.0582754611968994
model_10,run,2.078779458999634
model_10,unload,2.045750379562378
N/A,list,2.0425961017608643
model_10,load,2.0505928993225098
model_10,run,2.0676608085632324
model_10,unload,2.036729335784912
N/A,list,2.0683465003967285
model_10,load,2.16967511177063
model_10,run,2.153998374938965
model_10,unload,2.048893928527832
N/A,list,2.0534632205963135
model_10,load,2.0464305877685547
model_10,run,2.0846948623657227
model_10,unload,2.035139322280884
N/A,list,2.058640241622925
model_10,load,2.06719708442688
model_10,run,2.0542900562286377
model_10,unload,2.0323097705841064
N/A,list,2.080436944961548
model_10,load,2.0417683124542236
model_10,run,2.060450553894043
model_10,unload,2.0233824253082275
N/A,list,2.0525906085968018
model_10,load,2.082598924636841
model_10,run,2.0693135261535645
model_10,unload,2.0367870330810547
N/A,list,2.041151523590088
model_10,load,2.064114809036255
model_10,run,2.092353105545044
model_10,unload,2.0393950939178467
N/A,list,2.050600290298462
model_10,load,2.0846188068389893
model_10,run,2.05546498298645
model_10,unload,2.062363386154175
N/A,list,2.0470833778381348
model_10,load,2.052855968475342
model_10,run,2.0850794315338135
model_10,unload,2.0196034908294678
N/A,list,2.065403938293457
model_10,load,2.0737974643707275
model_10,run,2.0770151615142822
model_10,unload,2.027801036834717
N/A,list,2.0702030658721924
model_10,load,2.044593095779419
model_10,run,2.074617385864258
model_10,unload,2.050814151763916
N/A,list,2.0294737815856934
model_10,load,2.046177387237549
model_10,run,2.0883772373199463
model_10,unload,2.0412046909332275
N/A,list,2.0740036964416504
model_10,load,2.0360679626464844
model_10,run,2.1499245166778564
model_10,unload,2.0443296432495117
N/A,list,2.0430991649627686
model_10,load,2.0520179271698
model_10,run,2.0878210067749023
model_10,unload,2.040599822998047
N/A,list,2.0419468879699707
model_10,load,2.0894947052001953
model_10,run,2.087400436401367
model_10,unload,2.0211687088012695
N/A,list,2.063838005065918
model_10,load,2.079777240753174
model_10,run,2.0602898597717285
model_10,unload,2.0517449378967285
N/A,list,2.0395565032958984
model_10,load,2.037829875946045
model_10,run,2.0932419300079346
model_10,unload,2.022270917892456
N/A,list,2.067384958267212
model_10,load,2.0746867656707764
model_10,run,2.0875675678253174
model_10,unload,2.0519325733184814
N/A,list,2.348358631134033
model_10,load,2.278456687927246
model_10,run,2.1524598598480225
model_10,unload,2.028351306915283
N/A,list,2.03678035736084
model_10,load,2.058673143386841
model_10,run,2.1328227519989014
model_10,unload,2.053521156311035
N/A,list,2.058411121368408
model_10,load,2.06729793548584
model_10,run,2.0573134422302246
model_10,unload,2.019347667694092
N/A,list,2.072519540786743
model_10,load,2.0491693019866943
model_10,run,2.0574023723602295
model_10,unload,2.0220067501068115
N/A,list,2.0684432983398438
model_10,load,2.0429978370666504
version-RFB-320,run,2.062288284301758
model_10,unload,2.0573298931121826
N/A,list,2.035202980041504
version-RFB-320,load,2.0294291973114014
version-RFB-320,run,2.0375707149505615
version-RFB-320,unload,2.0286104679107666
N/A,list,2.073302745819092
model_10,load,2.067819595336914
model_10,run,2.123440742492676
model_10,unload,2.0368642807006836
